,City,Lat,Lng,Max Temp,Humidity,Cloudiness,Wind Speed,Country,Date
0,vaini,-21.2,-175.2,75.2,69,75,13.87,TO,1599438878
1,zhigansk,66.77,123.37,47.43,75,100,19.04,RU,1599439413
2,hithadhoo,-0.6,73.08,82.15,76,100,11.23,MV,1599439413
3,cabedelo,-6.98,-34.83,71.6,88,23,3.36,BR,1599439413
4,jamestown,42.1,-79.24,68.0,67,1,4.7,US,1599439414
5,ushuaia,-54.8,-68.3,39.2,80,0,9.17,AR,1599438884
6,georgetown,5.41,100.34,78.8,94,20,3.36,MY,1599439414
7,mataura,-46.19,168.86,55.56,53,100,3.53,NZ,1599439092
8,punta arenas,8.99,125.34,86.52,66,45,3.2,PH,1599439093
9,calvia,39.57,2.51,77.0,69,32,3.36,ES,1599439415
10,nikolskoye,59.7,30.79,53.6,81,14,2.24,RU,1599439415
11,mlandizi,-6.7,38.73,68.23,91,18,3.42,TZ,1599439415
12,urumqi,43.8,87.6,64.4,59,82,4.47,CN,1599439415
13,port alfred,-7.03,29.76,72.86,53,97,2.8,CD,1599439087
14,hilo,19.73,-155.09,84.2,62,90,10.29,US,1599439416
15,castro,-24.79,-50.01,64.22,56,0,4.52,BR,1599439085
16,tasiilaq,65.61,-37.64,35.6,93,83,9.17,GL,1599439416
17,khatanga,71.97,102.5,46.31,66,12,3.76,RU,1599439417
18,tiksi,71.69,128.87,44.53,84,82,5.7,RU,1599439417
19,kashan,33.98,51.44,74.5,19,0,2.75,IR,1599439417
20,batagay,67.63,134.63,46.2,80,100,5.7,RU,1599439090
21,krasnokholm,51.6,54.16,53.19,59,48,3.89,RU,1599439417
22,mansa,29.98,75.38,79.74,77,0,2.77,IN,1599439418
23,korla,41.76,86.15,73.02,32,8,8.5,CN,1599439146
24,busselton,-33.65,115.33,53.01,88,12,1.01,AU,1599439418
25,college,64.86,-147.8,64.4,36,75,13.87,US,1599439418
26,airai,-8.93,125.41,72.12,43,11,6.33,TL,1599439419
27,natchez,31.56,-91.4,82.4,74,1,3.11,US,1599439419
28,qaanaaq,77.48,-69.36,21.97,82,0,4.74,GL,1599439084
29,alyangula,-13.85,136.42,86.0,58,40,12.75,AU,1599439419
30,palimbang,6.21,124.19,86.54,63,21,1.57,PH,1599439419
31,hermanus,-34.42,19.23,55.0,83,6,1.99,ZA,1599439420
32,masallatah,32.62,14.0,75.85,76,38,21.47,LY,1599439420
33,muhos,64.81,25.99,48.2,100,100,4.7,FI,1599439420
34,ewo,-0.87,14.82,72.86,86,100,4.12,CG,1599439420
35,srednekolymsk,67.45,153.68,50.79,78,100,2.01,RU,1599439421
36,hobart,-42.88,147.33,66.99,48,100,10.29,AU,1599439047
37,nanortalik,60.14,-45.24,44.37,94,100,7.49,GL,1599439421
38,cape town,-36.41,-71.9,53.6,81,0,5.82,CL,1599439421
39,carnarvon,-24.87,113.63,68.0,100,75,5.82,AU,1599439227
40,roros,62.57,11.38,42.8,100,0,3.36,NO,1599439422
41,sao filipe,20.51,76.21,73.35,90,100,3.83,IN,1599439315
42,namatanai,-3.67,152.43,84.7,71,14,7.05,PG,1599439422
43,arraial do cabo,-22.84,-46.65,75.2,31,0,8.05,BR,1599439422
44,mys shmidta,62.06,48.62,52.75,95,100,5.77,RU,1599439423
45,vero beach,42.06,8.93,66.2,82,40,6.93,FR,1599439423
46,nacala,-14.54,40.67,65.44,82,0,7.52,MZ,1599439423
47,yaan,7.38,8.57,72.25,96,99,5.99,NG,1599439423
48,luau,-10.71,22.22,66.78,27,0,4.72,AO,1599439424
49,rikitea,-23.12,-134.97,73.65,84,0,11.23,PF,1599438881
50,port elizabeth,-7.03,29.76,72.54,52,27,5.21,CD,1599439252
51,umarizal,-5.99,-37.81,75.65,58,0,11.61,BR,1599439344
52,ponta do sol,38.73,-28.27,65.52,81,100,22.77,PT,1599439424
53,nauta,-4.51,-73.58,79.32,72,0,1.21,PE,1599439424
54,myanaung,18.28,95.32,79.29,86,100,2.26,MM,1599439425
55,cherskiy,68.75,161.3,49.78,49,98,12.77,RU,1599439425
56,iquitos,-3.75,-73.25,78.8,83,0,4.7,PE,1599439425
57,pyaozerskiy,65.83,31.17,48.45,93,75,4.92,RU,1599439425
58,atuona,-9.8,-139.03,79.2,72,72,17.16,PF,1599439425
59,provideniya,64.38,-173.3,42.8,70,75,24.61,RU,1599439426
60,yellowknife,62.46,-114.35,50.0,53,40,6.93,CA,1599439042
61,albany,42.6,-73.97,68.0,69,2,1.57,US,1599438971
62,kieta,-6.22,155.63,83.26,72,13,3.29,PG,1599439426
63,sisimiut,66.94,-53.67,39.11,73,25,13.13,GL,1599439426
64,vanavara,60.34,102.28,50.23,72,100,1.05,RU,1599439427
65,upernavik,72.79,-56.15,35.28,87,100,12.93,GL,1599439427
66,kapaa,22.08,-159.32,84.0,69,90,14.99,US,1599438889
67,amberley,39.2,-84.43,75.0,69,1,8.19,US,1599439427
68,flinders,-34.58,150.86,68.0,49,0,8.05,AU,1599439428
69,faya,18.39,42.45,68.0,34,0,2.84,SA,1599439428
70,mar del plata,43.4,-4.01,66.2,68,90,4.7,ES,1599439085
71,husavik,66.04,-17.34,55.4,71,90,8.05,IS,1599439428
72,mahebourg,-20.41,57.7,68.0,94,75,6.93,MU,1599439089
73,tabuk,17.42,121.44,83.08,73,68,0.54,PH,1599439428
74,cayenne,4.93,-52.33,78.8,88,14,10.74,GF,1599439429
75,esperance,-33.87,121.9,50.0,100,90,13.87,AU,1599439429
76,stornoway,58.21,-6.39,55.4,93,100,26.4,GB,1599439132
77,klaksvik,62.23,-6.59,51.8,100,100,16.11,FO,1599439429
78,east london,65.0,-15.0,51.8,81,20,16.11,IS,1599439429
79,nome,64.5,-165.41,55.4,43,75,23.04,US,1599439430
80,norman wells,35.22,-97.44,87.8,48,1,13.87,US,1599439087
81,bambous virieux,-20.26,57.41,68.0,94,75,6.93,MU,1599439430
82,venado tuerto,22.93,-101.08,63.1,80,100,5.82,MX,1599439430
83,maku,39.29,44.45,71.98,24,0,6.87,IR,1599439430
84,tyukhtet,56.54,89.3,45.01,83,99,3.71,RU,1599439430
85,grand centre,38.88,-109.5,100.4,6,1,9.17,US,1599439265
86,bluff,-46.6,168.33,51.78,70,89,13.42,NZ,1599439431
87,mersing,2.43,103.84,73.4,100,20,4.7,MY,1599439211
88,asyut,27.18,31.18,77.0,47,0,11.41,EG,1599439431
89,mangalam,9.77,78.67,77.0,88,20,5.37,IN,1599439432
90,kodiak,57.79,-152.41,55.4,93,90,14.99,US,1599439432
91,namibe,-15.2,12.15,68.31,86,63,2.21,AO,1599439432
92,oranjemund,-28.55,16.43,55.87,85,0,13.51,NA,1599439432
93,neiafu,-18.65,-173.98,77.0,61,40,13.87,TO,1599439433
94,ewa beach,-8.62,122.51,78.78,65,100,3.22,ID,1599439433
95,new norfolk,6.65,-10.59,77.0,94,40,2.57,LR,1599439264
96,soyo,-6.13,12.37,72.75,89,51,9.33,AO,1599439433
97,mongo,12.18,18.69,71.47,89,100,2.84,TD,1599439434
98,laguna,38.42,-121.42,109.4,12,1,6.93,US,1599439434
99,bakchar,57.02,82.07,41.07,94,92,4.54,RU,1599439434
100,butaritari,3.07,172.79,83.75,72,100,14.97,KI,1599439434
101,lavrentiya,65.58,-171.0,44.74,68,100,21.52,RU,1599439435
102,port macquarie,-7.03,29.76,72.86,53,97,2.8,CD,1599439277
103,tuktoyaktuk,69.45,-133.04,44.6,58,20,13.87,CA,1599438917
104,margate,51.38,1.39,61.0,79,77,5.95,GB,1599439435
105,alofi,-19.06,-169.92,75.2,53,75,19.46,NU,1599439436
106,praia,14.92,-23.51,78.8,83,20,3.36,CV,1599439436
107,faanui,-16.48,-151.75,78.19,76,9,11.21,PF,1599438930
108,san patricio,13.3,-4.9,73.63,87,100,5.08,ML,1599439269
109,jatai,-17.88,-51.71,72.45,29,1,3.89,BR,1599439436
110,kalat,29.02,66.59,60.22,30,0,0.56,PK,1599439436
111,petropavlovsk-kamchatskiy,53.05,158.65,60.8,77,40,2.24,RU,1599439437
112,portland,45.52,-122.68,89.6,33,20,6.93,US,1599439107
113,banjar,-8.19,114.97,80.6,100,20,10.29,ID,1599439437
114,waslala,13.23,-85.38,73.69,92,100,3.0,NI,1599439437
115,lompoc,34.64,-120.46,88.0,37,1,11.41,US,1599439437
116,richards bay,46.84,-95.91,64.4,36,51,18.34,US,1599439438
117,dolinsk,47.35,142.8,73.4,73,77,2.24,RU,1599439438
118,umarkhed,19.6,77.7,76.44,89,68,1.63,IN,1599439438
119,souillac,-20.52,57.52,68.0,94,75,6.93,MU,1599439438
120,buraydah,26.33,43.98,80.6,26,0,2.24,SA,1599439439
121,gamba,-2.65,10.0,73.98,82,100,6.38,GA,1599439439
122,ribeira grande,42.75,-8.44,61.0,82,0,5.82,ES,1599439439
123,ilulissat,69.22,-51.1,37.4,97,88,13.87,GL,1599439439
124,santa eulalia del rio,17.49,120.43,84.65,73,4,3.78,PH,1599439439
125,kaitangata,-46.28,169.85,57.0,52,100,4.0,NZ,1599439440
126,dalby,-27.18,151.27,68.0,52,40,19.46,AU,1599439440
127,fairbanks,64.84,-147.72,64.4,34,20,10.29,US,1599439236
128,pitimbu,-7.47,-34.81,71.6,88,0,3.36,BR,1599439440
129,port blair,-7.03,29.76,72.54,52,27,5.21,CD,1599439252
130,nelson bay,-41.28,173.28,57.99,54,0,1.99,NZ,1599439249
131,puerto ayora,36.59,-6.23,75.2,60,0,4.7,ES,1599439399
132,nizhniy odes,45.39,39.24,69.01,94,40,6.71,RU,1599439441
133,tazmalt,36.39,4.4,71.6,78,20,4.7,DZ,1599439441
134,hasaki,35.73,140.83,88.0,84,75,14.99,JP,1599439441
135,kamaishi,39.27,141.88,80.6,83,75,10.29,JP,1599439442
136,dikson,73.51,80.55,41.94,80,79,20.98,RU,1599439442
137,saint-philippe,-21.36,55.77,73.4,72,46,4.7,RE,1599439442
138,bathsheba,13.22,-59.52,82.4,78,40,11.41,BB,1599439442
139,camacha,33.08,-16.33,69.8,83,20,3.36,PT,1599439443
140,hobyo,5.35,48.53,75.69,81,5,20.74,SO,1599439443
141,kharan,28.58,65.42,77.43,17,0,5.03,PK,1599439443
142,san miguel el alto,13.3,-4.9,75.83,87,100,5.75,ML,1599439249
143,garissa,-0.45,39.64,71.33,80,18,11.52,KE,1599439443
144,kirovsk,48.64,38.64,59.43,33,0,6.02,UA,1599439444
145,dawlatabad,36.41,64.91,58.46,30,0,4.25,AF,1599439444
146,alice springs,27.75,-98.07,84.2,66,1,4.7,US,1599439444
147,rundu,-17.93,19.77,57.87,36,0,4.79,NA,1599439444
148,talnakh,69.49,88.4,46.4,93,75,4.47,RU,1599439445
149,victoria,22.29,114.16,82.99,83,77,5.37,HK,1599439224
150,buala,-8.14,159.59,85.5,68,50,7.16,SB,1599439445
151,palmer,42.16,-72.33,69.01,82,20,4.36,US,1599439445
152,felanitx,39.47,3.15,75.2,73,75,5.82,ES,1599439445
153,kokkola,63.84,23.13,54.0,100,40,6.93,FI,1599439446
154,avera,33.19,-82.53,75.2,50,75,4.7,US,1599439446
155,sulangan,11.14,123.72,85.3,71,100,5.61,PH,1599439446
156,sitka,57.05,-135.33,62.6,72,75,3.36,US,1599439090
157,thompson,55.74,-97.86,46.4,61,75,18.34,CA,1599439185
158,grand river south east,38.88,-109.5,100.4,6,1,9.17,US,1599439265
159,bandarbeyla,9.49,50.81,75.6,77,100,24.65,SO,1599439446
160,necochea,-38.55,-58.74,37.99,92,0,4.0,AR,1599439447
161,kvarkeno,52.08,59.73,49.21,86,0,5.73,RU,1599439447
162,sioux lookout,42.73,-96.23,86.0,39,1,8.05,US,1599439447
163,isla mujeres,15.89,120.3,83.59,75,94,3.15,PH,1599439448
164,ginda,30.69,78.49,73.4,94,12,3.31,IN,1599439448
165,bredasdorp,-34.53,20.04,46.4,93,0,1.12,ZA,1599439448
166,arona,28.1,-16.68,73.4,83,20,6.93,ES,1599439448
167,okhotsk,59.38,143.3,52.36,94,100,7.36,RU,1599439449
168,barrow,71.29,-156.79,41.0,80,75,10.29,US,1599439091
169,avarua,-21.21,-159.78,73.4,64,83,8.05,CK,1599439230
170,kisangani,0.52,25.2,69.8,96,72,0.07,CD,1599439449
171,longyearbyen,78.22,15.64,39.2,86,75,6.93,SJ,1599439028
172,grindavik,63.84,-22.43,50.0,100,90,18.34,IS,1599439449
173,saurimo,-9.66,20.39,66.7,28,58,3.67,AO,1599439450
174,xingyi,24.19,102.82,62.83,89,100,1.79,CN,1599439450
175,ancud,-41.87,-73.82,46.0,88,0,1.99,CL,1599439450
176,surt,31.21,16.59,76.66,81,0,13.78,LY,1599439451
177,luderitz,-26.65,15.16,57.56,72,0,14.07,NA,1599439451
178,guerrero negro,17.67,-100.0,69.85,81,100,0.96,MX,1599439451
179,itarema,-2.92,-39.92,78.15,80,2,13.89,BR,1599439451
180,tongren,27.72,109.19,71.46,82,73,1.61,CN,1599439452
181,cooma,-36.23,149.13,62.6,39,0,9.17,AU,1599439452
182,hualmay,-11.1,-77.61,60.1,84,100,9.19,PE,1599439452
183,severo-kurilsk,50.68,156.12,58.03,87,100,6.85,RU,1599439087
184,omsukchan,62.53,155.8,40.14,85,100,6.55,RU,1599439452
185,madang,-5.22,145.8,85.24,67,3,5.3,PG,1599439453
186,arlit,18.74,7.39,92.62,25,0,5.28,NE,1599439453
187,kununurra,-15.77,128.73,84.2,33,100,4.7,AU,1599439343
188,timoteo,-19.58,-42.64,65.93,58,0,1.74,BR,1599439453
189,bengkulu,-3.8,102.27,78.64,83,16,6.53,ID,1599439454
190,manapparai,10.6,78.42,77.0,88,20,5.82,IN,1599439454
191,katsuura,35.13,140.3,87.01,88,75,10.29,JP,1599439454
192,chokurdakh,70.63,147.92,50.25,49,9,9.48,RU,1599439454
193,kahului,20.89,-156.47,89.6,43,40,21.92,US,1599439455
194,cockburn town,-32.08,141.0,69.8,26,0,16.11,AU,1599439455
195,salisbury,51.07,-1.8,51.8,100,87,3.36,GB,1599439292
196,linxia,35.6,103.21,62.73,50,0,1.86,CN,1599439455
197,aklavik,68.22,-135.01,50.0,57,20,6.93,CA,1599439455
198,constitucion,-35.33,-72.42,50.92,83,0,7.07,CL,1599439455
199,uvarovo,51.98,42.26,57.11,38,98,5.06,RU,1599439456
200,north bend,50.33,3.67,50.0,93,0,2.24,FR,1599439456
201,sassandra,4.95,-6.08,75.16,88,99,8.16,CI,1599439456
202,lebu,-37.62,-73.65,48.7,87,2,8.97,CL,1599439456
203,bayir,37.27,28.22,66.2,77,0,2.24,TR,1599439457
204,saskylakh,71.92,114.08,46.63,68,41,6.89,RU,1599439089
205,port hueneme,-7.03,29.76,72.86,53,97,2.8,CD,1599439277
206,cajnice,43.56,19.07,64.4,63,0,1.12,BA,1599439457
207,queanbeyan,-35.35,149.23,60.01,71,0,1.99,AU,1599439457
208,tifton,31.45,-83.51,81.0,74,40,3.36,US,1599439458
209,gat,31.61,34.76,79.0,83,20,2.24,IL,1599439194
210,coquimbo,-29.95,-71.34,55.4,76,90,5.82,CL,1599439458
211,kruisfontein,-34.0,24.73,51.42,95,0,2.73,ZA,1599439459
212,mokhotlong,-29.29,29.07,48.45,71,100,2.21,LS,1599439459
213,artyom,40.47,50.33,68.0,100,40,4.7,AZ,1599439459
214,dicabisagan,17.08,122.42,86.32,68,88,6.11,PH,1599439459
215,liepaja,56.54,21.04,57.2,82,100,3.36,LV,1599439459
216,torbay,47.67,-52.73,59.0,71,20,10.29,CA,1599439460
217,paamiut,61.99,-49.67,44.17,93,88,10.83,GL,1599439460
218,port moresby,-7.03,29.76,72.86,53,97,2.8,CD,1599439276
219,bethel,41.37,-73.41,71.6,73,90,4.21,US,1599439460
220,belaya gora,49.03,25.77,63.0,81,4,3.0,UA,1599439460
221,oranjestad,12.52,-70.03,84.2,79,20,14.99,AW,1599439461
222,paita,-5.09,-81.11,62.74,81,0,12.77,PE,1599439461
223,waddan,29.16,16.14,73.54,59,0,8.86,LY,1599439461
224,khatassy,61.9,129.64,50.0,76,75,8.95,RU,1599439461
225,poum,-20.23,164.02,73.33,77,100,7.56,NC,1599439462
226,grenaa,56.42,10.88,51.8,87,23,10.29,DK,1599439462
227,brae,60.4,-1.35,51.8,76,100,16.11,GB,1599439462
228,nha trang,27.91,86.72,43.99,67,100,2.71,NP,1599439462
229,tambura,5.6,27.47,66.97,98,97,4.12,SS,1599439463
230,maceio,-9.67,-35.74,69.8,88,0,9.22,BR,1599439217
231,bell ville,31.05,-97.47,89.6,49,1,6.93,US,1599439463
232,daru,-9.08,143.21,79.47,84,74,18.16,PG,1599439463
233,rehoboth,-23.32,17.08,61.5,32,0,3.09,NA,1599439463
234,iqaluit,63.75,-68.51,44.6,68,75,12.75,CA,1599439086
235,haapsalu,58.94,23.54,53.01,88,56,4.0,EE,1599439464
236,kyra,49.58,111.98,57.43,73,0,3.69,RU,1599439464
237,codrington,-38.27,141.97,63.09,61,100,21.61,AU,1599439464
238,pevek,69.7,170.31,43.99,68,9,13.85,RU,1599439465
239,kualakapuas,-3.01,114.39,78.8,88,20,3.36,ID,1599439465
240,oskarshamn,57.26,16.45,53.01,93,0,4.7,SE,1599439465
241,olafsvik,64.89,-23.71,50.16,90,100,22.08,IS,1599439465
242,pangnirtung,66.15,-65.71,39.9,72,82,2.24,CA,1599439466
243,sur,22.57,59.53,82.53,61,0,7.74,OM,1599439466
244,zhangye,38.93,100.45,72.81,30,1,6.76,CN,1599439466
245,paralimni,35.04,33.98,79.0,78,0,5.82,CY,1599439171
246,marsh harbour,53.65,-1.81,53.01,100,75,4.7,GB,1599439467
247,waverley,-25.7,28.26,53.6,66,58,1.12,ZA,1599439467
248,leningradskiy,69.38,178.42,45.86,60,0,9.78,RU,1599439467
249,san joaquin,13.3,-4.9,73.63,87,100,5.08,ML,1599439269
250,verkhnetulomskiy,68.61,31.8,51.8,81,40,4.47,RU,1599439468
251,dolores,-36.31,-57.68,39.07,89,0,5.55,AR,1599439468
252,poso,-1.4,120.75,85.77,58,58,4.25,ID,1599439468
253,udachnyy,66.42,112.4,30.2,100,90,6.71,RU,1599439468
254,khandyga,62.67,135.6,51.17,94,100,2.17,RU,1599439469
255,rio grande,38.3,21.78,68.0,82,0,0.78,GR,1599439336
256,cidreira,-30.18,-50.21,58.32,92,100,17.85,BR,1599439469
257,matara,5.95,80.54,78.21,83,99,9.51,LK,1599439469
258,nishihara,26.18,127.76,84.2,88,75,11.41,JP,1599439469
259,maniitsoq,65.42,-52.9,40.75,75,0,25.86,GL,1599439470
260,zhuhai,22.28,113.57,84.2,79,40,3.36,CN,1599439470
261,dalbandin,28.89,64.41,75.7,18,0,9.26,PK,1599439461
262,huarmey,-10.07,-78.15,60.75,83,96,7.83,PE,1599439470
263,coahuayana,18.73,-103.68,73.4,78,90,17.22,MX,1599439470
264,abonnema,4.71,6.79,74.03,90,100,4.18,NG,1599439470
265,vila,42.03,-8.16,57.99,82,2,1.01,PT,1599439471
266,adre,13.47,22.2,73.38,80,7,4.68,TD,1599439471
267,chuy,-33.7,-53.46,49.12,87,0,7.43,UY,1599439471
268,whakatane,-37.96,176.99,58.3,53,84,12.17,NZ,1599439472
269,dingle,11.0,122.67,85.19,75,100,1.39,PH,1599439472
270,soe,-9.86,124.28,76.95,47,63,9.75,ID,1599439472
271,boma,7.08,-2.17,70.05,97,100,2.28,GH,1599439472
272,vila velha,42.03,-8.16,57.99,82,2,1.01,PT,1599439473
273,tazovskiy,67.47,78.7,47.05,96,100,5.84,RU,1599439473
274,acapulco,16.86,-99.89,82.4,83,90,4.7,MX,1599439473
275,vao,-22.67,167.48,70.79,79,100,16.67,NC,1599439473
276,victoria point,22.29,114.16,82.99,83,77,5.37,HK,1599439224
277,hazorasp,41.32,61.07,48.2,70,0,6.93,UZ,1599439474
278,bangui,4.36,18.55,73.4,94,20,2.24,CF,1599439474
279,stryn,61.9,6.72,50.0,96,53,4.27,NO,1599439474
280,broome,42.25,-75.83,64.0,72,20,6.93,US,1599439474
281,port augusta,-7.03,29.76,72.86,53,97,2.8,CD,1599439475
282,san quintin,13.3,-4.9,75.83,87,100,5.75,ML,1599439249
283,muroto,33.28,134.15,80.6,88,75,28.86,JP,1599439475
284,tuatapere,-46.13,167.68,56.52,49,33,1.19,NZ,1599439475
285,kupang,-10.17,123.58,80.6,69,20,13.87,ID,1599439476
286,vanimo,-2.67,141.3,86.52,61,0,9.17,PG,1599439476
287,weihai,37.5,122.11,78.01,78,100,15.84,CN,1599439476
288,rocha,-34.48,-54.33,43.14,91,0,3.38,UY,1599439476
289,nara,34.69,135.8,89.01,70,75,14.99,JP,1599439344
290,chapais,49.78,-74.85,50.0,87,40,5.82,CA,1599439477
291,ugoofaaru,5.67,73.0,82.36,77,100,13.62,MV,1599439477
292,sao joao da barra,20.51,76.21,73.35,90,100,3.83,IN,1599439477
293,beloha,-25.17,45.05,61.34,86,0,12.35,MG,1599439478
294,christchurch,-43.53,172.63,55.99,54,3,8.05,NZ,1599439478
295,san jose,13.3,-4.9,75.83,87,100,5.75,ML,1599439249
296,grand gaube,38.88,-109.5,100.4,6,1,9.17,US,1599439478
297,yar-sale,66.83,70.83,38.46,74,0,1.59,RU,1599439478
298,mokhsogollokh,61.47,128.92,48.34,74,100,7.92,RU,1599439479
299,hamilton,39.18,-84.53,75.0,69,1,8.19,US,1599439479
300,zverinogolovskoye,54.46,64.85,46.51,94,0,9.17,RU,1599439479
301,nyrob,60.73,56.72,48.04,94,71,1.57,RU,1599439479
302,asfi,32.3,-9.24,73.87,68,0,9.66,MA,1599439480
303,vardo,70.37,31.11,50.88,83,45,18.16,NO,1599439480
304,longyan,25.11,117.02,81.57,72,33,1.16,CN,1599439480
305,bud,39.45,-86.18,73.0,68,1,6.93,US,1599439480
306,gorin,51.2,136.67,73.2,64,9,1.07,RU,1599439481
307,athabasca,54.72,-113.29,50.92,71,100,3.94,CA,1599439481
308,khani,41.96,42.96,71.6,94,100,6.93,GE,1599439481
309,catia la mar,10.51,-66.95,82.4,78,40,4.7,VE,1599439481
310,waipawa,-41.41,175.52,55.0,66,100,21.92,NZ,1599439481
311,saldanha,-33.01,17.94,51.8,76,0,2.24,ZA,1599439482
312,ostersund,63.18,14.64,48.2,93,88,9.17,SE,1599439482
313,carbonia,39.17,8.52,72.0,94,5,5.82,IT,1599439482
314,kautokeino,69.01,23.04,41.63,84,83,3.47,NO,1599439482
315,phuket,8.0,98.25,84.0,94,40,1.12,TH,1599439483
316,port hardy,-7.03,29.76,72.86,53,97,2.8,CD,1599439277
317,charters towers,38.57,-83.43,71.6,68,1,3.36,US,1599439483
318,pisco,-13.7,-76.22,60.8,82,76,17.22,PE,1599439483
319,yambio,4.57,28.4,66.69,98,100,3.44,SS,1599439483
320,along,28.17,94.77,73.45,90,100,0.47,IN,1599439484
321,boa vista,4.43,8.97,73.83,90,97,3.2,CM,1599439484
322,nouadhibou,20.93,-17.03,78.8,69,100,18.34,MR,1599439484
323,lagoa,39.05,-27.98,68.43,75,100,23.69,PT,1599439485
324,salalah,17.02,54.09,78.8,88,75,5.82,OM,1599439485
325,ilesha,7.14,5.26,68.95,99,88,3.33,NG,1599439485
326,kurumkan,54.3,110.3,56.35,76,92,2.93,RU,1599439485
327,teguise,29.06,-13.56,73.4,83,25,13.87,ES,1599439485
328,nenjiang,49.18,125.22,64.13,79,0,5.64,CN,1599439358
329,huangpi,30.88,114.38,77.0,83,0,6.71,CN,1599439486
330,lata,40.16,-8.33,69.01,68,0,2.64,PT,1599439486
331,saint-francois,46.42,3.91,46.99,87,6,2.24,FR,1599439486
332,arica,-18.48,-70.3,60.01,76,100,1.01,CL,1599439307
333,joetsu,37.15,138.24,88.83,53,90,18.03,JP,1599439317
334,goderich,43.75,-81.72,69.01,76,100,25.34,CA,1599439358
335,xinpu,34.6,119.16,77.07,66,0,7.56,CN,1599439487
336,pimenta bueno,-20.48,-45.8,66.81,37,0,1.92,BR,1599439487
337,manta,-0.95,-80.73,73.4,83,20,13.87,EC,1599439487
338,barahona,18.21,-71.1,80.85,76,100,4.74,DO,1599439488
339,tessalit,20.2,1.01,88.72,34,11,6.08,ML,1599439488
340,talara,-4.58,-81.27,62.19,85,0,14.0,PE,1599439488
341,huntsville,34.73,-86.59,77.0,65,1,1.52,US,1599439488
342,mecca,21.43,39.83,86.61,34,0,3.02,SA,1599439293
343,kovur,14.48,79.98,81.46,80,78,4.36,IN,1599439489
344,tucuman,-26.82,-65.22,57.2,76,90,10.29,AR,1599439489
345,thinadhoo,0.53,72.93,82.58,73,100,8.21,MV,1599439489
346,narsaq,60.92,-46.05,44.6,87,100,1.12,GL,1599439489
347,yinchuan,38.47,106.27,74.01,27,66,8.37,CN,1599439490
348,lazaro cardenas,19.46,-71.33,79.0,82,100,5.44,DO,1599439490
349,ystad,55.43,13.82,51.8,81,0,6.93,SE,1599439481
350,tahta,26.77,31.5,86.0,37,0,4.7,EG,1599439490
351,quezon,7.73,125.1,84.65,67,8,1.23,PH,1599439310
352,cleveland,41.5,-81.7,71.01,60,75,9.17,US,1599439276
353,pitlochry,56.71,-3.73,53.01,87,100,2.01,GB,1599439491
354,hofn,64.25,-15.21,52.03,85,1,6.62,IS,1599439088
355,lisakovsk,52.54,62.49,48.6,89,0,10.4,KZ,1599439491
356,kavieng,-2.57,150.8,83.75,76,2,11.9,PG,1599439492
357,kousseri,12.08,15.03,73.4,94,40,4.7,CM,1599439492
358,pangkalanbuun,-2.68,111.62,80.1,85,100,2.66,ID,1599439492
359,port lincoln,-7.03,29.76,72.86,53,97,2.8,CD,1599439277
360,havre-saint-pierre,50.23,-63.6,48.2,87,1,9.17,CA,1599439493
361,washington,47.5,-120.5,93.0,20,1,15.99,US,1599439492
362,kloulklubed,7.04,134.26,86.0,74,75,8.05,PW,1599439493
363,dumraon,25.55,84.15,82.44,80,100,4.27,IN,1599439493
364,moindou,-21.69,165.68,75.2,64,100,3.36,NC,1599439493
365,nantucket,41.28,-70.1,66.2,88,1,5.82,US,1599439494
366,abu dhabi,24.6,72.7,66.78,100,0,3.18,IN,1599439494
367,marang,5.21,103.21,78.8,88,20,2.24,MY,1599439494
368,rawson,-43.3,-65.1,52.9,47,0,7.61,AR,1599439494
369,bowral,-34.47,150.42,68.0,49,0,8.05,AU,1599439494
370,roura,4.73,-52.33,78.8,88,4,4.38,GF,1599439495
371,yarmouth,41.71,-70.23,72.0,73,1,9.17,US,1599439495
372,wanning,18.8,110.4,86.31,73,100,9.1,CN,1599439495
373,evensk,61.95,159.23,50.34,64,93,8.1,RU,1599439495
374,cap malheureux,49.27,-1.21,59.0,100,0,3.36,FR,1599439496
375,wajima,37.4,136.9,86.0,66,75,3.36,JP,1599439496
376,quelimane,-17.88,36.89,65.93,90,8,5.21,MZ,1599439496
377,jacmel,18.23,-72.53,80.76,75,97,1.52,HT,1599439496
378,sao felix do xingu,20.51,76.21,73.35,90,100,3.83,IN,1599439477
379,vostok,46.49,135.88,72.18,56,95,2.21,RU,1599439497
380,leshukonskoye,64.9,45.76,56.66,96,100,5.06,RU,1599439497
381,puerto madero,36.59,-6.23,73.0,64,0,4.7,ES,1599439497
382,hazleton,40.96,-75.97,66.2,68,1,3.36,US,1599439498
383,datong,40.09,113.29,69.28,46,0,10.36,CN,1599439498
384,wamba,8.93,8.6,69.67,93,100,1.81,NG,1599439498
385,aviles,43.55,-5.92,64.0,82,20,2.24,ES,1599439499
386,cabatuan,10.88,122.49,85.28,72,100,2.15,PH,1599439499
387,bollnas,61.35,16.39,39.99,98,0,3.65,SE,1599439499
388,trofors,65.53,13.41,50.0,93,74,2.24,NO,1599439499
389,cockburn harbour,-32.08,141.0,69.8,26,0,16.11,AU,1599439455
390,pochutla,15.74,-96.47,78.8,69,75,4.76,MX,1599439500
391,ayagoz,47.97,80.44,45.82,56,63,8.46,KZ,1599439500
392,zabid,14.2,43.32,87.3,69,0,5.79,YE,1599439501
393,haines junction,59.23,-135.44,61.83,46,20,2.46,US,1599439501
394,khorixas,-20.37,14.97,62.31,38,0,3.76,NA,1599439501
395,ambunti,-4.24,142.84,88.59,58,24,3.74,PG,1599439502
396,burkburnett,34.1,-98.57,89.01,52,1,14.99,US,1599439502
397,dinard,48.63,-2.06,54.0,100,75,4.7,FR,1599439502
398,penzance,50.12,-5.54,57.0,93,100,8.05,GB,1599439503
399,misratah,32.38,15.09,78.69,77,2,15.97,LY,1599439503
400,wewak,-3.55,143.63,84.65,68,1,9.01,PG,1599439503
401,hanzhong,33.07,107.03,72.54,67,0,0.96,CN,1599439503
402,coihaique,-45.58,-72.07,42.8,75,35,3.36,CL,1599439504
403,chicontepec,20.97,-98.17,69.64,100,100,4.59,MX,1599439504
404,puerto rico,36.59,-6.23,75.2,60,0,4.7,ES,1599439399
405,vytegra,61.01,36.45,56.71,96,87,5.12,RU,1599439504
406,negru voda,42.76,9.34,71.01,88,0,4.7,FR,1599439505
407,cabo san lucas,-8.28,-35.03,77.0,69,40,10.29,BR,1599439505
408,kitimat,54.05,-128.65,66.0,84,92,1.12,CA,1599439505
409,kannur,11.87,75.36,75.2,94,40,3.36,IN,1599439506
410,salinas,36.68,-121.66,86.0,37,1,9.17,US,1599439365
411,mercedes,-34.65,-59.43,48.99,82,0,8.55,AR,1599439506
412,marsa matruh,35.88,14.5,78.8,83,0,11.41,MT,1599439506
413,glyadyanskoye,54.91,65.09,45.68,93,0,8.97,RU,1599439506
414,kulhudhuffushi,6.62,73.07,82.09,77,100,16.11,MV,1599439507
415,marsabit,2.33,37.99,61.02,84,79,19.53,KE,1599439507
416,sobolevo,54.43,31.9,59.5,97,100,3.58,RU,1599439507
417,cabinda,-5.55,12.2,72.93,90,50,7.96,AO,1599439508
418,montrose,38.42,-108.27,91.4,9,1,5.82,US,1599439508
419,birao,10.28,22.79,70.86,97,100,1.3,CF,1599439508
420,nueva loja,-1.72,-79.83,78.8,69,20,10.29,EC,1599439509
421,colesberg,-30.72,25.1,49.87,88,0,6.58,ZA,1599439509
422,dukat,62.55,155.55,37.92,91,100,5.35,RU,1599439509
423,gizo,-8.1,156.84,84.61,68,1,5.41,SB,1599439509
424,salvador,13.83,-88.92,80.6,88,40,4.7,SV,1599439510
425,ketchikan,55.34,-131.65,64.4,72,40,11.41,US,1599439510
426,skibbereen,51.55,-9.27,55.4,93,40,6.93,IE,1599439510
427,dimbokro,6.65,-4.7,70.61,98,82,4.18,CI,1599439511
428,magistralnyy,56.17,107.45,52.66,76,39,1.32,RU,1599439511
429,lieksa,63.32,30.02,52.39,91,99,8.86,FI,1599439511
430,ust-kuyga,70.02,135.6,45.14,82,100,7.54,RU,1599439512
431,yulara,-25.24,130.99,82.4,15,0,14.99,AU,1599439512
432,bilibino,68.05,166.44,45.34,57,30,4.23,RU,1599439512
433,whitianga,-36.83,175.7,57.0,81,100,8.01,NZ,1599439512
434,xining,36.62,101.77,57.27,58,0,2.35,CN,1599439513
435,raudeberg,61.99,5.14,51.01,92,75,13.78,NO,1599439513
436,tres arroyos,46.32,11.1,57.99,100,90,2.93,IT,1599439513
437,flin flon,48.5,6.66,46.4,81,0,1.12,FR,1599439514
438,aksarka,66.56,67.8,48.4,64,100,4.41,RU,1599439514
439,pacific grove,38.48,-90.74,81.0,71,0,7.76,US,1599439514
440,beyneu,45.32,55.2,59.45,49,16,14.32,KZ,1599439514
441,yatou,37.15,122.38,73.87,78,100,17.05,CN,1599439514
442,geraldton,-28.77,114.6,60.8,72,90,9.17,AU,1599439090
443,bontang,0.13,117.5,78.3,87,100,8.59,ID,1599439515
444,kapchorwa,1.4,34.45,55.85,91,18,2.64,UG,1599439515
445,togur,58.36,82.83,40.89,97,39,4.92,RU,1599439515
446,tual,-5.67,132.75,80.56,83,64,20.74,ID,1599439515
447,gravdal,68.12,13.5,50.77,83,79,3.94,NO,1599439516
448,san cristobal,13.3,-4.9,73.63,87,100,5.08,ML,1599439269
449,eyl,7.98,49.82,75.4,77,100,19.93,SO,1599439516
450,fort saint john,52.65,6.39,53.01,96,0,1.01,NL,1599439516
451,santana,-0.06,-51.18,80.6,100,75,8.05,BR,1599439516
452,fortuna,40.6,-124.16,84.0,60,1,6.93,US,1599439517
453,mirnyy,62.54,113.96,44.6,87,40,6.71,RU,1599439517
454,jacareacanga,-6.22,-57.75,83.91,38,100,2.48,BR,1599439517
455,bongaree,-27.08,153.16,71.01,65,33,3.0,AU,1599439517
456,port hedland,-7.03,29.76,72.86,53,97,2.8,CD,1599439277
457,dire,12.28,-10.97,72.54,97,100,2.68,ML,1599439518
458,netanya,32.33,34.86,79.0,83,20,2.24,IL,1599439518
459,ikalamavony,-21.15,46.58,51.82,83,10,4.94,MG,1599439518
460,siguiri,11.67,-9.5,72.1,96,100,5.3,GN,1599439518
461,belokurikha,52.0,84.99,45.25,82,66,3.53,RU,1599439519
462,rolla,37.95,-91.77,81.0,69,1,11.41,US,1599439519
463,iracoubo,5.48,-53.2,78.84,87,100,9.26,GF,1599439519
464,abha,18.22,42.51,68.0,35,0,3.83,SA,1599439085
465,emerald,-23.53,148.17,77.0,47,75,21.92,AU,1599439520
466,aleksandrovka,46.84,32.76,67.3,72,0,7.05,UA,1599439520
467,aripuana,-9.17,-60.63,81.46,23,98,0.78,BR,1599439520
468,zhangjiakou,40.81,114.88,68.02,60,0,9.24,CN,1599439520
469,zhurivka,50.5,31.78,57.2,82,0,4.47,UA,1599439520
470,tautira,-17.73,-149.15,82.4,69,75,6.93,PF,1599439521
471,iasi,47.17,27.6,63.0,77,0,4.7,RO,1599439521
472,cardston,49.2,-113.3,57.2,67,20,9.17,CA,1599439521
473,naze,28.37,129.48,82.4,78,75,10.29,JP,1599439521
474,rossano,39.58,16.63,75.0,42,0,4.54,IT,1599439522
475,longkou,37.65,120.33,74.66,75,19,11.68,CN,1599439522
476,vila franca do campo,42.03,-8.16,57.99,82,2,1.01,PT,1599439473
477,clyde river,41.3,-82.98,71.01,64,97,16.42,US,1599439522
478,puerto plata,36.59,-6.23,75.2,60,0,4.7,ES,1599439399
479,japura,-0.32,102.35,80.8,76,23,1.28,ID,1599439522
480,ust-uda,54.17,103.03,51.84,69,0,5.82,RU,1599439523
481,kilindoni,-7.91,39.67,75.45,80,51,12.91,TZ,1599439523
482,ordzhonikidze,52.44,61.74,48.92,85,0,9.44,KZ,1599439523
483,aleksandrov gay,56.4,38.71,55.92,81,100,5.3,RU,1599439523
484,najran,17.49,44.13,75.2,25,89,4.7,SA,1599439325
485,port-gentil,-0.72,8.78,75.56,80,34,10.65,GA,1599439524
486,brokopondo,4.75,-55.17,78.01,86,96,9.13,SR,1599439524
487,chumikan,54.72,135.31,57.18,89,71,9.64,RU,1599439524
488,bend,44.06,-121.32,90.0,12,0,1.99,US,1599439524
489,blackwater,-23.58,148.88,76.93,45,0,15.82,AU,1599439525
490,atasu,48.68,71.64,44.64,60,25,9.62,KZ,1599439525
491,mackay,-21.15,149.2,75.2,73,0,19.46,AU,1599439525
492,konosha,60.97,40.26,57.25,97,100,6.8,RU,1599439525
493,shubarkuduk,49.14,56.49,56.88,40,7,4.85,KZ,1599439526
494,beruwala,6.48,79.98,79.65,83,100,8.66,LK,1599439526
495,dovers,12.88,-61.18,83.07,77,0,13.47,VC,1599439526
496,northam,51.03,-4.22,54.0,93,80,3.0,GB,1599439526
497,fort nelson,52.65,6.39,53.01,96,0,1.01,NL,1599439527
498,bac lieu,45.39,19.24,60.8,87,0,5.82,RS,1599439527
499,carndonagh,55.25,-7.27,53.22,91,100,7.7,IE,1599439527
500,siilinjarvi,63.08,27.67,51.8,93,100,5.82,FI,1599439527
501,merauke,-8.47,140.33,82.56,72,58,13.8,ID,1599439528
502,erenhot,43.65,111.98,65.32,59,0,11.16,CN,1599439528
503,ambon,-3.7,128.18,77.0,94,40,6.93,ID,1599439528
504,sakaiminato,35.55,133.23,89.6,62,75,23.04,JP,1599439477
505,nemuro,43.32,145.57,75.2,88,75,6.93,JP,1599439528
506,doha,25.29,51.53,89.01,79,0,2.24,QA,1599439529
507,gerede,40.8,32.2,50.54,95,0,2.26,TR,1599439529
508,buritis,-15.62,-46.42,71.56,36,0,0.96,BR,1599439529
509,calabozo,8.92,-67.43,76.44,91,100,1.45,VE,1599439529
510,dunedin,-45.87,170.5,55.0,56,49,11.01,NZ,1599439429
511,saint-augustin,51.23,-58.65,53.35,71,0,9.31,CA,1599439530
512,isangel,-19.55,169.27,77.0,73,75,5.82,VU,1599439530
513,dawson creek,31.77,-84.45,84.2,65,1,3.36,US,1599439530
514,san lorenzo,13.3,-4.9,73.63,87,100,5.08,ML,1599439269
515,assiniboia,49.63,-105.98,60.28,34,100,14.99,CA,1599439530
516,coruripe,-10.13,-36.18,72.32,80,0,7.38,BR,1599439530
517,boali,4.8,18.13,73.4,94,20,2.24,CF,1599439531
518,chicama,-7.84,-79.15,61.38,81,35,4.18,PE,1599439531
519,byron bay,44.03,-92.65,75.2,60,1,10.29,US,1599439531
520,ascension,30.22,-90.9,84.0,83,1,3.8,US,1599439531
521,lexington,37.99,-84.48,73.4,64,1,6.93,US,1599439492
522,koumac,-20.57,164.28,75.78,65,100,6.62,NC,1599439532
523,port-cartier,50.03,-66.87,50.0,93,40,6.06,CA,1599439532
524,taoudenni,22.68,-3.98,95.63,17,0,11.86,ML,1599439532
525,wasco,35.59,-119.34,102.2,21,0,3.36,US,1599439528
526,darhan,49.49,105.92,52.84,76,0,3.33,MN,1599439533
527,talaya,61.38,152.75,50.68,66,100,4.27,RU,1599439533
528,ongandjera,-17.88,15.07,64.89,25,0,6.53,NA,1599439533
529,kamennomostskiy,44.3,40.19,60.98,84,34,4.25,RU,1599439533
530,prince rupert,52.97,-108.38,53.6,58,20,13.87,CA,1599439533
531,amga,60.9,131.96,49.41,79,82,8.08,RU,1599439534
532,gawler,-34.6,138.73,75.0,33,16,15.99,AU,1599439534
533,ler,8.3,30.14,69.53,96,100,3.31,SS,1599439534
534,keti bandar,40.87,43.84,57.2,71,0,5.82,AM,1599439534
535,lafiagi,8.87,5.42,72.59,94,98,3.47,NG,1599439535
536,morgan city,39.72,-90.22,82.99,69,1,8.05,US,1599439535
537,beringovskiy,63.05,179.32,48.54,76,49,7.74,RU,1599439535
538,monaragala,6.87,81.35,75.2,88,90,5.82,LK,1599439535
539,bibiani,6.46,-2.32,70.39,98,100,2.64,GH,1599439536
540,ahipara,-35.17,173.17,59.77,74,46,15.17,NZ,1599439536
541,bodden town,51.2,-2.52,52.0,95,100,2.19,GB,1599439536
542,bintulu,3.17,113.03,77.0,94,40,1.12,MY,1599439537
543,mount gambier,53.66,-1.85,53.01,96,100,5.14,GB,1599439537
